"","Kingdom","Phylum","Class","Order","Family","Genus","unique"
"g__Aplosporella","k__Fungi","p__Ascomycota","c__Dothideomycetes","o__Botryosphaeriales","f__Aplosporellaceae","g__Aplosporella","g__Aplosporella"
"g__Cladosporium","k__Fungi","p__Ascomycota","c__Dothideomycetes","o__Cladosporiales","f__Cladosporiaceae","g__Cladosporium","g__Cladosporium"
"g__Zalaria","k__Fungi","p__Ascomycota","c__Dothideomycetes","o__Dothideales","f__Zalariaceae","g__Zalaria","g__Zalaria"
"g__Zasmidium","k__Fungi","p__Ascomycota","c__Dothideomycetes","o__Mycosphaerellales","f__Mycosphaerellaceae","g__Zasmidium","g__Zasmidium"
"g__Neodevriesia","k__Fungi","p__Ascomycota","c__Dothideomycetes","o__Mycosphaerellales","f__Neodevriesiaceae","g__Neodevriesia","g__Neodevriesia"
"g__Elsinoe","k__Fungi","p__Ascomycota","c__Dothideomycetes","o__Myriangiales","f__Elsinoaceae","g__Elsinoe","g__Elsinoe"
"g__Nothophaeotheca","k__Fungi","p__Ascomycota","c__Dothideomycetes","o__Neophaeothecales","f__Neophaeothecaceae","g__Nothophaeotheca","g__Nothophaeotheca"
"g__Allophoma","k__Fungi","p__Ascomycota","c__Dothideomycetes","o__Pleosporales","f__Didymellaceae","g__Allophoma","g__Allophoma"
"g__Didymella","k__Fungi","p__Ascomycota","c__Dothideomycetes","o__Pleosporales","f__Didymellaceae","g__Didymella","g__Didymella"
"g__Didymocyrtis","k__Fungi","p__Ascomycota","c__Dothideomycetes","o__Pleosporales","f__Phaeosphaeriaceae","g__Didymocyrtis","g__Didymocyrtis"
"g__Parastagonospora","k__Fungi","p__Ascomycota","c__Dothideomycetes","o__Pleosporales","f__Phaeosphaeriaceae","g__Parastagonospora","g__Parastagonospora"
"g__Phaeosphaeria","k__Fungi","p__Ascomycota","c__Dothideomycetes","o__Pleosporales","f__Phaeosphaeriaceae","g__Phaeosphaeria","g__Phaeosphaeria"
"g__Alternaria","k__Fungi","p__Ascomycota","c__Dothideomycetes","o__Pleosporales","f__Pleosporaceae","g__Alternaria","g__Alternaria"
"g__Stemphylium","k__Fungi","p__Ascomycota","c__Dothideomycetes","o__Pleosporales","f__Pleosporaceae","g__Stemphylium","g__Stemphylium"
"g__Spissiomyces","k__Fungi","p__Ascomycota","c__Dothideomycetes","o__Tubeufiales","f__Wiesneriomycetaceae","g__Spissiomyces","g__Spissiomyces"
"g__Valsaria","k__Fungi","p__Ascomycota","c__Dothideomycetes","o__Valsariales","f__Valsariaceae","g__Valsaria","g__Valsaria"
"g__Sarcinomyces","k__Fungi","p__Ascomycota","c__Eurotiomycetes","o__Chaetothyriales","f__Chaetothyriales_fam_Incertae_sedis","g__Sarcinomyces","g__Sarcinomyces"
"g__Exophiala","k__Fungi","p__Ascomycota","c__Eurotiomycetes","o__Chaetothyriales","f__Herpotrichiellaceae","g__Exophiala","g__Exophiala"
"g__Aspergillus","k__Fungi","p__Ascomycota","c__Eurotiomycetes","o__Eurotiales","f__Aspergillaceae","g__Aspergillus","g__Aspergillus"
"g__Penicillium","k__Fungi","p__Ascomycota","c__Eurotiomycetes","o__Eurotiales","f__Aspergillaceae","g__Penicillium","g__Penicillium"
"g__Paecilomyces","k__Fungi","p__Ascomycota","c__Eurotiomycetes","o__Eurotiales","f__Thermoascaceae","g__Paecilomyces","g__Paecilomyces"
"g__Talaromyces","k__Fungi","p__Ascomycota","c__Eurotiomycetes","o__Eurotiales","f__Trichocomaceae","g__Talaromyces","g__Talaromyces"
"g__Geotrichum","k__Fungi","p__Ascomycota","c__Saccharomycetes","o__Saccharomycetales","f__Dipodascaceae","g__Geotrichum","g__Geotrichum"
"g__Clavispora","k__Fungi","p__Ascomycota","c__Saccharomycetes","o__Saccharomycetales","f__Metschnikowiaceae","g__Clavispora","g__Clavispora"
"g__Pichia","k__Fungi","p__Ascomycota","c__Saccharomycetes","o__Saccharomycetales","f__Pichiaceae","g__Pichia","g__Pichia"
"g__Kazachstania","k__Fungi","p__Ascomycota","c__Saccharomycetes","o__Saccharomycetales","f__Saccharomycetaceae","g__Kazachstania","g__Kazachstania"
"g__Nakaseomyces","k__Fungi","p__Ascomycota","c__Saccharomycetes","o__Saccharomycetales","f__Saccharomycetaceae","g__Nakaseomyces","g__Nakaseomyces"
"g__Saccharomyces","k__Fungi","p__Ascomycota","c__Saccharomycetes","o__Saccharomycetales","f__Saccharomycetaceae","g__Saccharomyces","g__Saccharomyces"
"g__Zygosaccharomyces","k__Fungi","p__Ascomycota","c__Saccharomycetes","o__Saccharomycetales","f__Saccharomycetaceae","g__Zygosaccharomyces","g__Zygosaccharomyces"
"g__Candida","k__Fungi","p__Ascomycota","c__Saccharomycetes","o__Saccharomycetales","f__Saccharomycetales_fam_Incertae_sedis","g__Candida","g__Candida"
"g__Yarrowia","k__Fungi","p__Ascomycota","c__Saccharomycetes","o__Saccharomycetales","f__Saccharomycetales_fam_Incertae_sedis","g__Yarrowia","g__Yarrowia"
"g__Hanseniaspora","k__Fungi","p__Ascomycota","c__Saccharomycetes","o__Saccharomycetales","f__Saccharomycodaceae","g__Hanseniaspora","g__Hanseniaspora"
"g__Saccharomycodes","k__Fungi","p__Ascomycota","c__Saccharomycetes","o__Saccharomycetales","f__Saccharomycodaceae","g__Saccharomycodes","g__Saccharomycodes"
"g__Stenocarpella","k__Fungi","p__Ascomycota","c__Sordariomycetes","o__Diaporthales","f__Diaporthaceae","g__Stenocarpella","g__Stenocarpella"
"g__Acremonium","k__Fungi","p__Ascomycota","c__Sordariomycetes","o__Hypocreales","f__Bionectriaceae","g__Acremonium","g__Acremonium"
"g__Fusarium","k__Fungi","p__Ascomycota","c__Sordariomycetes","o__Hypocreales","f__Nectriaceae","g__Fusarium","g__Fusarium"
"g__Sarocladium","k__Fungi","p__Ascomycota","c__Sordariomycetes","o__Hypocreales","f__Sarocladiaceae","g__Sarocladium","g__Sarocladium"
"g__Sertulicium","k__Fungi","p__Basidiomycota","c__Agaricomycetes","o__Trechisporales","f__Trechisporales_fam_Incertae_sedis","g__Sertulicium","g__Sertulicium"
"g__Jaminaea","k__Fungi","p__Basidiomycota","c__Exobasidiomycetes","o__Microstromatales","f__Microstromatales_fam_Incertae_sedis","g__Jaminaea","g__Jaminaea"
"g__Malassezia","k__Fungi","p__Basidiomycota","c__Malasseziomycetes","o__Malasseziales","f__Malasseziaceae","g__Malassezia","g__Malassezia"
"g__Cystofilobasidium","k__Fungi","p__Basidiomycota","c__Tremellomycetes","o__Cystofilobasidiales","f__Cystofilobasidiaceae","g__Cystofilobasidium","g__Cystofilobasidium"
"g__Vishniacozyma","k__Fungi","p__Basidiomycota","c__Tremellomycetes","o__Tremellales","f__Bulleribasidiaceae","g__Vishniacozyma","g__Vishniacozyma"
"g__Cutaneotrichosporon","k__Fungi","p__Basidiomycota","c__Tremellomycetes","o__Trichosporonales","f__Trichosporonaceae","g__Cutaneotrichosporon","g__Cutaneotrichosporon"
"g__Wallemia","k__Fungi","p__Basidiomycota","c__Wallemiomycetes","o__Wallemiales","f__Wallemiaceae","g__Wallemia","g__Wallemia"
"g__Mucor","k__Fungi","p__Mucoromycota","c__Mucoromycetes","o__Mucorales","f__Mucoraceae","g__Mucor","g__Mucor"
"Unknown","Unknown","Unknown","Unknown","Unknown","Unknown","Unknown","Unknown"
