"","Kingdom","Phylum","Class","Order","Family","Genus","unique"
"g__Verpa","k__Fungi","p__Ascomycota","c__Pezizomycetes","o__Pezizales","f__Morchellaceae","g__Verpa","g__Verpa"
"g__Trichoderma","k__Fungi","p__Ascomycota","c__Sordariomycetes","o__Hypocreales","f__Hypocreaceae","g__Trichoderma","g__Trichoderma"
"g__Ophiocordyceps","k__Fungi","p__Ascomycota","c__Sordariomycetes","o__Hypocreales","f__Ophiocordycipitaceae","g__Ophiocordyceps","g__Ophiocordyceps"
"g__Agaricus","k__Fungi","p__Basidiomycota","c__Agaricomycetes","o__Agaricales","f__Agaricaceae","g__Agaricus","g__Agaricus"
"g__Clitopilus","k__Fungi","p__Basidiomycota","c__Agaricomycetes","o__Agaricales","f__Entolomataceae","g__Clitopilus","g__Clitopilus"
"g__Hypsizygus","k__Fungi","p__Basidiomycota","c__Agaricomycetes","o__Agaricales","f__Lyophyllaceae","g__Hypsizygus","g__Hypsizygus"
"g__Marasmius","k__Fungi","p__Basidiomycota","c__Agaricomycetes","o__Agaricales","f__Marasmiaceae","g__Marasmius","g__Marasmius"
"g__Mycena","k__Fungi","p__Basidiomycota","c__Agaricomycetes","o__Agaricales","f__Mycenaceae","g__Mycena","g__Mycena"
"g__Gymnopus","k__Fungi","p__Basidiomycota","c__Agaricomycetes","o__Agaricales","f__Omphalotaceae","g__Gymnopus","g__Gymnopus"
"g__Lentinula","k__Fungi","p__Basidiomycota","c__Agaricomycetes","o__Agaricales","f__Omphalotaceae","g__Lentinula","g__Lentinula"
"g__Rhodocollybia","k__Fungi","p__Basidiomycota","c__Agaricomycetes","o__Agaricales","f__Omphalotaceae","g__Rhodocollybia","g__Rhodocollybia"
"g__Strobilurus","k__Fungi","p__Basidiomycota","c__Agaricomycetes","o__Agaricales","f__Physalacriaceae","g__Strobilurus","g__Strobilurus"
"g__Coprinellus","k__Fungi","p__Basidiomycota","c__Agaricomycetes","o__Agaricales","f__Psathyrellaceae","g__Coprinellus","g__Coprinellus"
"g__Schizophyllum","k__Fungi","p__Basidiomycota","c__Agaricomycetes","o__Agaricales","f__Schizophyllaceae","g__Schizophyllum","g__Schizophyllum"
"g__Deconica","k__Fungi","p__Basidiomycota","c__Agaricomycetes","o__Agaricales","f__Strophariaceae","g__Deconica","g__Deconica"
"g__Elmerina","k__Fungi","p__Basidiomycota","c__Agaricomycetes","o__Auriculariales","f__Auriculariaceae","g__Elmerina","g__Elmerina"
"g__Boletinellus","k__Fungi","p__Basidiomycota","c__Agaricomycetes","o__Boletales","f__Boletinellaceae","g__Boletinellus","g__Boletinellus"
"g__Hydnoporia","k__Fungi","p__Basidiomycota","c__Agaricomycetes","o__Hymenochaetales","f__Hymenochaetaceae","g__Hydnoporia","g__Hydnoporia"
"g__Hymenochaete","k__Fungi","p__Basidiomycota","c__Agaricomycetes","o__Hymenochaetales","f__Hymenochaetaceae","g__Hymenochaete","g__Hymenochaete"
"g__Phellinus","k__Fungi","p__Basidiomycota","c__Agaricomycetes","o__Hymenochaetales","f__Hymenochaetaceae","g__Phellinus","g__Phellinus"
"g__Peniophorella","k__Fungi","p__Basidiomycota","c__Agaricomycetes","o__Hymenochaetales","f__Rickenellaceae","g__Peniophorella","g__Peniophorella"
"g__Echinoporia","k__Fungi","p__Basidiomycota","c__Agaricomycetes","o__Hymenochaetales","f__Schizoporaceae","g__Echinoporia","g__Echinoporia"
"g__Xylodon","k__Fungi","p__Basidiomycota","c__Agaricomycetes","o__Hymenochaetales","f__Schizoporaceae","g__Xylodon","g__Xylodon"
"g__Ganoderma","k__Fungi","p__Basidiomycota","c__Agaricomycetes","o__Polyporales","f__Ganodermataceae","g__Ganoderma","g__Ganoderma"
"g__Irpex","k__Fungi","p__Basidiomycota","c__Agaricomycetes","o__Polyporales","f__Irpicaceae","g__Irpex","g__Irpex"
"g__Phlebia","k__Fungi","p__Basidiomycota","c__Agaricomycetes","o__Polyporales","f__Meruliaceae","g__Phlebia","g__Phlebia"
"g__Bjerkandera","k__Fungi","p__Basidiomycota","c__Agaricomycetes","o__Polyporales","f__Phanerochaetaceae","g__Bjerkandera","g__Bjerkandera"
"g__Phlebiopsis","k__Fungi","p__Basidiomycota","c__Agaricomycetes","o__Polyporales","f__Phanerochaetaceae","g__Phlebiopsis","g__Phlebiopsis"
"g__Coriolopsis","k__Fungi","p__Basidiomycota","c__Agaricomycetes","o__Polyporales","f__Polyporaceae","g__Coriolopsis","g__Coriolopsis"
"g__Fomes","k__Fungi","p__Basidiomycota","c__Agaricomycetes","o__Polyporales","f__Polyporaceae","g__Fomes","g__Fomes"
"g__Perenniporia","k__Fungi","p__Basidiomycota","c__Agaricomycetes","o__Polyporales","f__Polyporaceae","g__Perenniporia","g__Perenniporia"
"g__Trametes","k__Fungi","p__Basidiomycota","c__Agaricomycetes","o__Polyporales","f__Polyporaceae","g__Trametes","g__Trametes"
"g__Heterobasidion","k__Fungi","p__Basidiomycota","c__Agaricomycetes","o__Russulales","f__Bondarzewiaceae","g__Heterobasidion","g__Heterobasidion"
"g__Peniophora","k__Fungi","p__Basidiomycota","c__Agaricomycetes","o__Russulales","f__Peniophoraceae","g__Peniophora","g__Peniophora"
"g__Stereum","k__Fungi","p__Basidiomycota","c__Agaricomycetes","o__Russulales","f__Stereaceae","g__Stereum","g__Stereum"
"g__Trechispora","k__Fungi","p__Basidiomycota","c__Agaricomycetes","o__Trechisporales","f__Hydnodontaceae","g__Trechispora","g__Trechispora"
"g__Tremella","k__Fungi","p__Basidiomycota","c__Tremellomycetes","o__Tremellales","f__Tremellaceae","g__Tremella","g__Tremella"
"g__Sporisorium","k__Fungi","p__Basidiomycota","c__Ustilaginomycetes","o__Ustilaginales","f__Ustilaginaceae","g__Sporisorium","g__Sporisorium"
"g__Ustilago","k__Fungi","p__Basidiomycota","c__Ustilaginomycetes","o__Ustilaginales","f__Ustilaginaceae","g__Ustilago","g__Ustilago"
