"","Kingdom","Phylum","Class","Order","Family","Genus","unique"
"g__Botryosphaeria","k__Fungi","p__Ascomycota","c__Dothideomycetes","o__Botryosphaeriales","f__Botryosphaeriaceae","g__Botryosphaeria","g__Botryosphaeria"
"g__Aeminium","k__Fungi","p__Ascomycota","c__Dothideomycetes","o__Capnodiales","f__Aeminiaceae","g__Aeminium","g__Aeminium"
"g__Perusta","k__Fungi","p__Ascomycota","c__Dothideomycetes","o__Capnodiales","f__Capnodiales_fam_Incertae_sedis","g__Perusta","g__Perusta"
"g__Cladosporium","k__Fungi","p__Ascomycota","c__Dothideomycetes","o__Cladosporiales","f__Cladosporiaceae","g__Cladosporium","g__Cladosporium"
"g__Toxicocladosporium","k__Fungi","p__Ascomycota","c__Dothideomycetes","o__Cladosporiales","f__Cladosporiaceae","g__Toxicocladosporium","g__Toxicocladosporium"
"g__Aureobasidium","k__Fungi","p__Ascomycota","c__Dothideomycetes","o__Dothideales","f__Saccotheciaceae","g__Aureobasidium","g__Aureobasidium"
"g__Zalaria","k__Fungi","p__Ascomycota","c__Dothideomycetes","o__Dothideales","f__Zalariaceae","g__Zalaria","g__Zalaria"
"g__Pseudorobillarda","k__Fungi","p__Ascomycota","c__Dothideomycetes","o__Dothideomycetes_ord_Incertae_sedis","f__Pseudorobillardaceae","g__Pseudorobillarda","g__Pseudorobillarda"
"g__Uwebraunia","k__Fungi","p__Ascomycota","c__Dothideomycetes","o__Mycosphaerellales","f__Dissoconiaceae","g__Uwebraunia","g__Uwebraunia"
"g__Ramularia","k__Fungi","p__Ascomycota","c__Dothideomycetes","o__Mycosphaerellales","f__Mycosphaerellaceae","g__Ramularia","g__Ramularia"
"g__Zasmidium","k__Fungi","p__Ascomycota","c__Dothideomycetes","o__Mycosphaerellales","f__Mycosphaerellaceae","g__Zasmidium","g__Zasmidium"
"g__Neohortaea","k__Fungi","p__Ascomycota","c__Dothideomycetes","o__Mycosphaerellales","f__Mycosphaerellales_fam_Incertae_sedis","g__Neohortaea","g__Neohortaea"
"g__Neodevriesia","k__Fungi","p__Ascomycota","c__Dothideomycetes","o__Mycosphaerellales","f__Neodevriesiaceae","g__Neodevriesia","g__Neodevriesia"
"g__Eupenidiella","k__Fungi","p__Ascomycota","c__Dothideomycetes","o__Mycosphaerellales","f__Teratosphaeriaceae","g__Eupenidiella","g__Eupenidiella"
"g__Hortaea","k__Fungi","p__Ascomycota","c__Dothideomycetes","o__Mycosphaerellales","f__Teratosphaeriaceae","g__Hortaea","g__Hortaea"
"g__Neocatenulostroma","k__Fungi","p__Ascomycota","c__Dothideomycetes","o__Mycosphaerellales","f__Teratosphaeriaceae","g__Neocatenulostroma","g__Neocatenulostroma"
"g__Salinomyces","k__Fungi","p__Ascomycota","c__Dothideomycetes","o__Mycosphaerellales","f__Teratosphaeriaceae","g__Salinomyces","g__Salinomyces"
"g__Didymella","k__Fungi","p__Ascomycota","c__Dothideomycetes","o__Pleosporales","f__Didymellaceae","g__Didymella","g__Didymella"
"g__Epicoccum","k__Fungi","p__Ascomycota","c__Dothideomycetes","o__Pleosporales","f__Didymellaceae","g__Epicoccum","g__Epicoccum"
"g__Phoma","k__Fungi","p__Ascomycota","c__Dothideomycetes","o__Pleosporales","f__Didymellaceae","g__Phoma","g__Phoma"
"g__Pseudopithomyces","k__Fungi","p__Ascomycota","c__Dothideomycetes","o__Pleosporales","f__Didymosphaeriaceae","g__Pseudopithomyces","g__Pseudopithomyces"
"g__Neocamarosporium","k__Fungi","p__Ascomycota","c__Dothideomycetes","o__Pleosporales","f__Neocamarosporiaceae","g__Neocamarosporium","g__Neocamarosporium"
"g__Neopyrenochaeta","k__Fungi","p__Ascomycota","c__Dothideomycetes","o__Pleosporales","f__Neopyrenochaetaceae","g__Neopyrenochaeta","g__Neopyrenochaeta"
"g__Periconia","k__Fungi","p__Ascomycota","c__Dothideomycetes","o__Pleosporales","f__Periconiaceae","g__Periconia","g__Periconia"
"g__Didymocyrtis","k__Fungi","p__Ascomycota","c__Dothideomycetes","o__Pleosporales","f__Phaeosphaeriaceae","g__Didymocyrtis","g__Didymocyrtis"
"g__Neosetophoma","k__Fungi","p__Ascomycota","c__Dothideomycetes","o__Pleosporales","f__Phaeosphaeriaceae","g__Neosetophoma","g__Neosetophoma"
"g__Parastagonospora","k__Fungi","p__Ascomycota","c__Dothideomycetes","o__Pleosporales","f__Phaeosphaeriaceae","g__Parastagonospora","g__Parastagonospora"
"g__Phaeosphaeria","k__Fungi","p__Ascomycota","c__Dothideomycetes","o__Pleosporales","f__Phaeosphaeriaceae","g__Phaeosphaeria","g__Phaeosphaeria"
"g__Alternaria","k__Fungi","p__Ascomycota","c__Dothideomycetes","o__Pleosporales","f__Pleosporaceae","g__Alternaria","g__Alternaria"
"g__Bipolaris","k__Fungi","p__Ascomycota","c__Dothideomycetes","o__Pleosporales","f__Pleosporaceae","g__Bipolaris","g__Bipolaris"
"g__Curvularia","k__Fungi","p__Ascomycota","c__Dothideomycetes","o__Pleosporales","f__Pleosporaceae","g__Curvularia","g__Curvularia"
"g__Pyrenophora","k__Fungi","p__Ascomycota","c__Dothideomycetes","o__Pleosporales","f__Pleosporaceae","g__Pyrenophora","g__Pyrenophora"
"g__Stemphylium","k__Fungi","p__Ascomycota","c__Dothideomycetes","o__Pleosporales","f__Pleosporaceae","g__Stemphylium","g__Stemphylium"
"g__Torula","k__Fungi","p__Ascomycota","c__Dothideomycetes","o__Pleosporales","f__Torulaceae","g__Torula","g__Torula"
"g__Bezerromyces","k__Fungi","p__Ascomycota","c__Dothideomycetes","o__Tubeufiales","f__Bezerromycetaceae","g__Bezerromyces","g__Bezerromyces"
"g__Tubeufiales_gen_Incertae_sedis","k__Fungi","p__Ascomycota","c__Dothideomycetes","o__Tubeufiales","f__Tubeufiales_fam_Incertae_sedis","g__Tubeufiales_gen_Incertae_sedis","g__Tubeufiales_gen_Incertae_sedis"
"g__Scolecobasidium","k__Fungi","p__Ascomycota","c__Dothideomycetes","o__Venturiales","f__Sympoventuriaceae","g__Scolecobasidium","g__Scolecobasidium"
"g__Cyphellophora","k__Fungi","p__Ascomycota","c__Eurotiomycetes","o__Chaetothyriales","f__Cyphellophoraceae","g__Cyphellophora","g__Cyphellophora"
"g__Exophiala","k__Fungi","p__Ascomycota","c__Eurotiomycetes","o__Chaetothyriales","f__Herpotrichiellaceae","g__Exophiala","g__Exophiala"
"g__Veronaea","k__Fungi","p__Ascomycota","c__Eurotiomycetes","o__Chaetothyriales","f__Herpotrichiellaceae","g__Veronaea","g__Veronaea"
"g__Knufia","k__Fungi","p__Ascomycota","c__Eurotiomycetes","o__Chaetothyriales","f__Trichomeriaceae","g__Knufia","g__Knufia"
"g__Trichomerium","k__Fungi","p__Ascomycota","c__Eurotiomycetes","o__Chaetothyriales","f__Trichomeriaceae","g__Trichomerium","g__Trichomerium"
"g__Aspergillus","k__Fungi","p__Ascomycota","c__Eurotiomycetes","o__Eurotiales","f__Aspergillaceae","g__Aspergillus","g__Aspergillus"
"g__Paraxerochrysium","k__Fungi","p__Ascomycota","c__Eurotiomycetes","o__Eurotiales","f__Aspergillaceae","g__Paraxerochrysium","g__Paraxerochrysium"
"g__Penicillium","k__Fungi","p__Ascomycota","c__Eurotiomycetes","o__Eurotiales","f__Aspergillaceae","g__Penicillium","g__Penicillium"
"g__Xeromyces","k__Fungi","p__Ascomycota","c__Eurotiomycetes","o__Eurotiales","f__Aspergillaceae","g__Xeromyces","g__Xeromyces"
"g__Eurotiales_gen_Incertae_sedis","k__Fungi","p__Ascomycota","c__Eurotiomycetes","o__Eurotiales","f__Eurotiales_fam_Incertae_sedis","g__Eurotiales_gen_Incertae_sedis","g__Eurotiales_gen_Incertae_sedis"
"g__Paecilomyces","k__Fungi","p__Ascomycota","c__Eurotiomycetes","o__Eurotiales","f__Thermoascaceae","g__Paecilomyces","g__Paecilomyces"
"g__Thermoascus","k__Fungi","p__Ascomycota","c__Eurotiomycetes","o__Eurotiales","f__Thermoascaceae","g__Thermoascus","g__Thermoascus"
"g__Rasamsonia","k__Fungi","p__Ascomycota","c__Eurotiomycetes","o__Eurotiales","f__Trichocomaceae","g__Rasamsonia","g__Rasamsonia"
"g__Sagenomella","k__Fungi","p__Ascomycota","c__Eurotiomycetes","o__Eurotiales","f__Trichocomaceae","g__Sagenomella","g__Sagenomella"
"g__Talaromyces","k__Fungi","p__Ascomycota","c__Eurotiomycetes","o__Eurotiales","f__Trichocomaceae","g__Talaromyces","g__Talaromyces"
"g__Thermomyces","k__Fungi","p__Ascomycota","c__Eurotiomycetes","o__Eurotiales","f__Trichocomaceae","g__Thermomyces","g__Thermomyces"
"g__Phaeomoniellales_gen_Incertae_sedis","k__Fungi","p__Ascomycota","c__Eurotiomycetes","o__Phaeomoniellales","f__Phaeomoniellales_fam_Incertae_sedis","g__Phaeomoniellales_gen_Incertae_sedis","g__Phaeomoniellales_gen_Incertae_sedis"
"g__Polycauliona","k__Fungi","p__Ascomycota","c__Lecanoromycetes","o__Teloschistales","f__Teloschistaceae","g__Polycauliona","g__Polycauliona"
"g__Amorphothecaceae_gen_Incertae_sedis","k__Fungi","p__Ascomycota","c__Leotiomycetes","o__Helotiales","f__Amorphothecaceae","g__Amorphothecaceae_gen_Incertae_sedis","g__Amorphothecaceae_gen_Incertae_sedis"
"g__Podosphaera","k__Fungi","p__Ascomycota","c__Leotiomycetes","o__Helotiales","f__Erysiphaceae","g__Podosphaera","g__Podosphaera"
"g__Sawadaea","k__Fungi","p__Ascomycota","c__Leotiomycetes","o__Helotiales","f__Erysiphaceae","g__Sawadaea","g__Sawadaea"
"g__Scytalidium","k__Fungi","p__Ascomycota","c__Leotiomycetes","o__Helotiales","f__Helotiaceae","g__Scytalidium","g__Scytalidium"
"g__Cistella","k__Fungi","p__Ascomycota","c__Leotiomycetes","o__Helotiales","f__Helotiales_fam_Incertae_sedis","g__Cistella","g__Cistella"
"g__Mollisiaceae_gen_Incertae_sedis","k__Fungi","p__Ascomycota","c__Leotiomycetes","o__Helotiales","f__Mollisiaceae","g__Mollisiaceae_gen_Incertae_sedis","g__Mollisiaceae_gen_Incertae_sedis"
"g__Myxotrichum","k__Fungi","p__Ascomycota","c__Leotiomycetes","o__Helotiales","f__Myxotrichaceae","g__Myxotrichum","g__Myxotrichum"
"g__Oidiodendron","k__Fungi","p__Ascomycota","c__Leotiomycetes","o__Helotiales","f__Myxotrichaceae","g__Oidiodendron","g__Oidiodendron"
"g__Arthrobotrys","k__Fungi","p__Ascomycota","c__Orbiliomycetes","o__Orbiliales","f__Orbiliaceae","g__Arthrobotrys","g__Arthrobotrys"
"g__Ascobolus","k__Fungi","p__Ascomycota","c__Pezizomycetes","o__Pezizales","f__Ascobolaceae","g__Ascobolus","g__Ascobolus"
"g__Cephaloascus","k__Fungi","p__Ascomycota","c__Saccharomycetes","o__Saccharomycetales","f__Cephaloascaceae","g__Cephaloascus","g__Cephaloascus"
"g__Debaryomyces","k__Fungi","p__Ascomycota","c__Saccharomycetes","o__Saccharomycetales","f__Debaryomycetaceae","g__Debaryomyces","g__Debaryomyces"
"g__Debaryomycetaceae_gen_Incertae_sedis","k__Fungi","p__Ascomycota","c__Saccharomycetes","o__Saccharomycetales","f__Debaryomycetaceae","g__Debaryomycetaceae_gen_Incertae_sedis","g__Debaryomycetaceae_gen_Incertae_sedis"
"g__Kurtzmaniella","k__Fungi","p__Ascomycota","c__Saccharomycetes","o__Saccharomycetales","f__Debaryomycetaceae","g__Kurtzmaniella","g__Kurtzmaniella"
"g__Meyerozyma","k__Fungi","p__Ascomycota","c__Saccharomycetes","o__Saccharomycetales","f__Debaryomycetaceae","g__Meyerozyma","g__Meyerozyma"
"g__Millerozyma","k__Fungi","p__Ascomycota","c__Saccharomycetes","o__Saccharomycetales","f__Debaryomycetaceae","g__Millerozyma","g__Millerozyma"
"g__Yamadazyma","k__Fungi","p__Ascomycota","c__Saccharomycetes","o__Saccharomycetales","f__Debaryomycetaceae","g__Yamadazyma","g__Yamadazyma"
"g__Geotrichum","k__Fungi","p__Ascomycota","c__Saccharomycetes","o__Saccharomycetales","f__Dipodascaceae","g__Geotrichum","g__Geotrichum"
"g__Clavispora","k__Fungi","p__Ascomycota","c__Saccharomycetes","o__Saccharomycetales","f__Metschnikowiaceae","g__Clavispora","g__Clavispora"
"g__Kodamaea","k__Fungi","p__Ascomycota","c__Saccharomycetes","o__Saccharomycetales","f__Metschnikowiaceae","g__Kodamaea","g__Kodamaea"
"g__Metschnikowia","k__Fungi","p__Ascomycota","c__Saccharomycetes","o__Saccharomycetales","f__Metschnikowiaceae","g__Metschnikowia","g__Metschnikowia"
"g__Cyberlindnera","k__Fungi","p__Ascomycota","c__Saccharomycetes","o__Saccharomycetales","f__Phaffomycetaceae","g__Cyberlindnera","g__Cyberlindnera"
"g__Starmera","k__Fungi","p__Ascomycota","c__Saccharomycetes","o__Saccharomycetales","f__Phaffomycetaceae","g__Starmera","g__Starmera"
"g__Wickerhamomyces","k__Fungi","p__Ascomycota","c__Saccharomycetes","o__Saccharomycetales","f__Phaffomycetaceae","g__Wickerhamomyces","g__Wickerhamomyces"
"g__Pichia","k__Fungi","p__Ascomycota","c__Saccharomycetes","o__Saccharomycetales","f__Pichiaceae","g__Pichia","g__Pichia"
"g__Saturnispora","k__Fungi","p__Ascomycota","c__Saccharomycetes","o__Saccharomycetales","f__Pichiaceae","g__Saturnispora","g__Saturnispora"
"g__Holleya","k__Fungi","p__Ascomycota","c__Saccharomycetes","o__Saccharomycetales","f__Saccharomycetaceae","g__Holleya","g__Holleya"
"g__Kazachstania","k__Fungi","p__Ascomycota","c__Saccharomycetes","o__Saccharomycetales","f__Saccharomycetaceae","g__Kazachstania","g__Kazachstania"
"g__Kluyveromyces","k__Fungi","p__Ascomycota","c__Saccharomycetes","o__Saccharomycetales","f__Saccharomycetaceae","g__Kluyveromyces","g__Kluyveromyces"
"g__Nakaseomyces","k__Fungi","p__Ascomycota","c__Saccharomycetes","o__Saccharomycetales","f__Saccharomycetaceae","g__Nakaseomyces","g__Nakaseomyces"
"g__Oligophagozyma","k__Fungi","p__Ascomycota","c__Saccharomycetes","o__Saccharomycetales","f__Saccharomycetaceae","g__Oligophagozyma","g__Oligophagozyma"
"g__Saccharomyces","k__Fungi","p__Ascomycota","c__Saccharomycetes","o__Saccharomycetales","f__Saccharomycetaceae","g__Saccharomyces","g__Saccharomyces"
"g__Saccharomycetaceae_gen_Incertae_sedis","k__Fungi","p__Ascomycota","c__Saccharomycetes","o__Saccharomycetales","f__Saccharomycetaceae","g__Saccharomycetaceae_gen_Incertae_sedis","g__Saccharomycetaceae_gen_Incertae_sedis"
"g__Zygosaccharomyces","k__Fungi","p__Ascomycota","c__Saccharomycetes","o__Saccharomycetales","f__Saccharomycetaceae","g__Zygosaccharomyces","g__Zygosaccharomyces"
"g__Candida","k__Fungi","p__Ascomycota","c__Saccharomycetes","o__Saccharomycetales","f__Saccharomycetales_fam_Incertae_sedis","g__Candida","g__Candida"
"g__Diutina","k__Fungi","p__Ascomycota","c__Saccharomycetes","o__Saccharomycetales","f__Saccharomycetales_fam_Incertae_sedis","g__Diutina","g__Diutina"
"g__Hyphopichia","k__Fungi","p__Ascomycota","c__Saccharomycetes","o__Saccharomycetales","f__Saccharomycetales_fam_Incertae_sedis","g__Hyphopichia","g__Hyphopichia"
"g__Limtongozyma","k__Fungi","p__Ascomycota","c__Saccharomycetes","o__Saccharomycetales","f__Saccharomycetales_fam_Incertae_sedis","g__Limtongozyma","g__Limtongozyma"
"g__Yarrowia","k__Fungi","p__Ascomycota","c__Saccharomycetes","o__Saccharomycetales","f__Saccharomycetales_fam_Incertae_sedis","g__Yarrowia","g__Yarrowia"
"g__Hanseniaspora","k__Fungi","p__Ascomycota","c__Saccharomycetes","o__Saccharomycetales","f__Saccharomycodaceae","g__Hanseniaspora","g__Hanseniaspora"
"g__Saccharomycodes","k__Fungi","p__Ascomycota","c__Saccharomycetes","o__Saccharomycetales","f__Saccharomycodaceae","g__Saccharomycodes","g__Saccharomycodes"
"g__Blastobotrys","k__Fungi","p__Ascomycota","c__Saccharomycetes","o__Saccharomycetales","f__Trichomonascaceae","g__Blastobotrys","g__Blastobotrys"
"g__Starmerella","k__Fungi","p__Ascomycota","c__Saccharomycetes","o__Saccharomycetales","f__Trichomonascaceae","g__Starmerella","g__Starmerella"
"g__Trichomonascus","k__Fungi","p__Ascomycota","c__Saccharomycetes","o__Saccharomycetales","f__Trichomonascaceae","g__Trichomonascus","g__Trichomonascus"
"g__Wickerhamiella","k__Fungi","p__Ascomycota","c__Saccharomycetes","o__Saccharomycetales","f__Trichomonascaceae","g__Wickerhamiella","g__Wickerhamiella"
"g__Nigrospora","k__Fungi","p__Ascomycota","c__Sordariomycetes","o__Amphisphaeriales","f__Apiosporaceae","g__Nigrospora","g__Nigrospora"
"g__Discosia","k__Fungi","p__Ascomycota","c__Sordariomycetes","o__Amphisphaeriales","f__Sporocadaceae","g__Discosia","g__Discosia"
"g__Pestalotiopsis","k__Fungi","p__Ascomycota","c__Sordariomycetes","o__Amphisphaeriales","f__Sporocadaceae","g__Pestalotiopsis","g__Pestalotiopsis"
"g__Vialaea","k__Fungi","p__Ascomycota","c__Sordariomycetes","o__Amphisphaeriales","f__Vialaeaceae","g__Vialaea","g__Vialaea"
"g__Verhulstia","k__Fungi","p__Ascomycota","c__Sordariomycetes","o__Chaetosphaeriales","f__Chaetosphaeriaceae","g__Verhulstia","g__Verhulstia"
"g__Coniochaeta","k__Fungi","p__Ascomycota","c__Sordariomycetes","o__Coniochaetales","f__Coniochaetaceae","g__Coniochaeta","g__Coniochaeta"
"g__Cytospora","k__Fungi","p__Ascomycota","c__Sordariomycetes","o__Diaporthales","f__Cytosporaceae","g__Cytospora","g__Cytospora"
"g__Stenocarpella","k__Fungi","p__Ascomycota","c__Sordariomycetes","o__Diaporthales","f__Diaporthaceae","g__Stenocarpella","g__Stenocarpella"
"g__Thyridium","k__Fungi","p__Ascomycota","c__Sordariomycetes","o__Diaporthomycetidae_ord_Incertae_sedis","f__Thyridiaceae","g__Thyridium","g__Thyridium"
"g__Chlamydosporiella","k__Fungi","p__Ascomycota","c__Sordariomycetes","o__Glomerellales","f__Plectosphaerellaceae","g__Chlamydosporiella","g__Chlamydosporiella"
"g__Stachylidium","k__Fungi","p__Ascomycota","c__Sordariomycetes","o__Glomerellales","f__Plectosphaerellaceae","g__Stachylidium","g__Stachylidium"
"g__Acremonium","k__Fungi","p__Ascomycota","c__Sordariomycetes","o__Hypocreales","f__Bionectriaceae","g__Acremonium","g__Acremonium"
"g__Valsonectria","k__Fungi","p__Ascomycota","c__Sordariomycetes","o__Hypocreales","f__Bionectriaceae","g__Valsonectria","g__Valsonectria"
"g__Cordycipitaceae_gen_Incertae_sedis","k__Fungi","p__Ascomycota","c__Sordariomycetes","o__Hypocreales","f__Cordycipitaceae","g__Cordycipitaceae_gen_Incertae_sedis","g__Cordycipitaceae_gen_Incertae_sedis"
"g__Engyodontium","k__Fungi","p__Ascomycota","c__Sordariomycetes","o__Hypocreales","f__Cordycipitaceae","g__Engyodontium","g__Engyodontium"
"g__Lecanicillium","k__Fungi","p__Ascomycota","c__Sordariomycetes","o__Hypocreales","f__Cordycipitaceae","g__Lecanicillium","g__Lecanicillium"
"g__Bulbithecium","k__Fungi","p__Ascomycota","c__Sordariomycetes","o__Hypocreales","f__Hypocreales_fam_Incertae_sedis","g__Bulbithecium","g__Bulbithecium"
"g__Bisifusarium","k__Fungi","p__Ascomycota","c__Sordariomycetes","o__Hypocreales","f__Nectriaceae","g__Bisifusarium","g__Bisifusarium"
"g__Fusarium","k__Fungi","p__Ascomycota","c__Sordariomycetes","o__Hypocreales","f__Nectriaceae","g__Fusarium","g__Fusarium"
"g__Fusicolla","k__Fungi","p__Ascomycota","c__Sordariomycetes","o__Hypocreales","f__Nectriaceae","g__Fusicolla","g__Fusicolla"
"g__Paracremonium","k__Fungi","p__Ascomycota","c__Sordariomycetes","o__Hypocreales","f__Nectriaceae","g__Paracremonium","g__Paracremonium"
"g__Parasarocladium","k__Fungi","p__Ascomycota","c__Sordariomycetes","o__Hypocreales","f__Sarocladiaceae","g__Parasarocladium","g__Parasarocladium"
"g__Sarocladium","k__Fungi","p__Ascomycota","c__Sordariomycetes","o__Hypocreales","f__Sarocladiaceae","g__Sarocladium","g__Sarocladium"
"g__Albifimbria","k__Fungi","p__Ascomycota","c__Sordariomycetes","o__Hypocreales","f__Stachybotryaceae","g__Albifimbria","g__Albifimbria"
"g__Dimorphiseta","k__Fungi","p__Ascomycota","c__Sordariomycetes","o__Hypocreales","f__Stachybotryaceae","g__Dimorphiseta","g__Dimorphiseta"
"g__Myxospora","k__Fungi","p__Ascomycota","c__Sordariomycetes","o__Hypocreales","f__Stachybotryaceae","g__Myxospora","g__Myxospora"
"g__Pyricularia","k__Fungi","p__Ascomycota","c__Sordariomycetes","o__Magnaporthales","f__Pyriculariaceae","g__Pyricularia","g__Pyricularia"
"g__Microascus","k__Fungi","p__Ascomycota","c__Sordariomycetes","o__Microascales","f__Microascaceae","g__Microascus","g__Microascus"
"g__Scopulariopsis","k__Fungi","p__Ascomycota","c__Sordariomycetes","o__Microascales","f__Microascaceae","g__Scopulariopsis","g__Scopulariopsis"
"g__Myrmecridium","k__Fungi","p__Ascomycota","c__Sordariomycetes","o__Myrmecridiales","f__Myrmecridiaceae","g__Myrmecridium","g__Myrmecridium"
"g__Ramophialophora","k__Fungi","p__Ascomycota","c__Sordariomycetes","o__Sordariales","f__Bombardiaceae","g__Ramophialophora","g__Ramophialophora"
"g__Chaetomium","k__Fungi","p__Ascomycota","c__Sordariomycetes","o__Sordariales","f__Chaetomiaceae","g__Chaetomium","g__Chaetomium"
"g__Mycothermus","k__Fungi","p__Ascomycota","c__Sordariomycetes","o__Sordariales","f__Chaetomiaceae","g__Mycothermus","g__Mycothermus"
"g__Thermothelomyces","k__Fungi","p__Ascomycota","c__Sordariomycetes","o__Sordariales","f__Chaetomiaceae","g__Thermothelomyces","g__Thermothelomyces"
"g__Schizothecium","k__Fungi","p__Ascomycota","c__Sordariomycetes","o__Sordariales","f__Lasiosphaeriaceae","g__Schizothecium","g__Schizothecium"
"g__Immersiella","k__Fungi","p__Ascomycota","c__Sordariomycetes","o__Sordariales","f__Neoschizotheciaceae","g__Immersiella","g__Immersiella"
"g__Neurospora","k__Fungi","p__Ascomycota","c__Sordariomycetes","o__Sordariales","f__Sordariaceae","g__Neurospora","g__Neurospora"
"g__Coniocessia","k__Fungi","p__Ascomycota","c__Sordariomycetes","o__Xylariales","f__Coniocessiaceae","g__Coniocessia","g__Coniocessia"
"g__Eutypella","k__Fungi","p__Ascomycota","c__Sordariomycetes","o__Xylariales","f__Diatrypaceae","g__Eutypella","g__Eutypella"
"g__Peroneutypa","k__Fungi","p__Ascomycota","c__Sordariomycetes","o__Xylariales","f__Diatrypaceae","g__Peroneutypa","g__Peroneutypa"
"g__Biscogniauxia","k__Fungi","p__Ascomycota","c__Sordariomycetes","o__Xylariales","f__Graphostromataceae","g__Biscogniauxia","g__Biscogniauxia"
"g__Annulohypoxylon","k__Fungi","p__Ascomycota","c__Sordariomycetes","o__Xylariales","f__Hypoxylaceae","g__Annulohypoxylon","g__Annulohypoxylon"
"g__Ascotricha","k__Fungi","p__Ascomycota","c__Sordariomycetes","o__Xylariales","f__Xylariaceae","g__Ascotricha","g__Ascotricha"
"g__Cystostereaceae_gen_Incertae_sedis","k__Fungi","p__Basidiomycota","c__Agaricomycetes","o__Agaricales","f__Cystostereaceae","g__Cystostereaceae_gen_Incertae_sedis","g__Cystostereaceae_gen_Incertae_sedis"
"g__Limnoperdon","k__Fungi","p__Basidiomycota","c__Agaricomycetes","o__Agaricales","f__Limnoperdaceae","g__Limnoperdon","g__Limnoperdon"
"g__Candolleomyces","k__Fungi","p__Basidiomycota","c__Agaricomycetes","o__Agaricales","f__Psathyrellaceae","g__Candolleomyces","g__Candolleomyces"
"g__Amphinema","k__Fungi","p__Basidiomycota","c__Agaricomycetes","o__Atheliales","f__Atheliaceae","g__Amphinema","g__Amphinema"
"g__Atheliaceae_gen_Incertae_sedis","k__Fungi","p__Basidiomycota","c__Agaricomycetes","o__Atheliales","f__Atheliaceae","g__Atheliaceae_gen_Incertae_sedis","g__Atheliaceae_gen_Incertae_sedis"
"g__Eichleriella","k__Fungi","p__Basidiomycota","c__Agaricomycetes","o__Auriculariales","f__Auriculariaceae","g__Eichleriella","g__Eichleriella"
"g__Botryobasidium","k__Fungi","p__Basidiomycota","c__Agaricomycetes","o__Cantharellales","f__Botryobasidiaceae","g__Botryobasidium","g__Botryobasidium"
"g__Ceratobasidium","k__Fungi","p__Basidiomycota","c__Agaricomycetes","o__Cantharellales","f__Ceratobasidiaceae","g__Ceratobasidium","g__Ceratobasidium"
"g__Rhizoctonia","k__Fungi","p__Basidiomycota","c__Agaricomycetes","o__Cantharellales","f__Ceratobasidiaceae","g__Rhizoctonia","g__Rhizoctonia"
"g__Thanatephorus","k__Fungi","p__Basidiomycota","c__Agaricomycetes","o__Cantharellales","f__Ceratobasidiaceae","g__Thanatephorus","g__Thanatephorus"
"g__Sistotrema","k__Fungi","p__Basidiomycota","c__Agaricomycetes","o__Cantharellales","f__Hydnaceae","g__Sistotrema","g__Sistotrema"
"g__Limonomyces","k__Fungi","p__Basidiomycota","c__Agaricomycetes","o__Corticiales","f__Corticiaceae","g__Limonomyces","g__Limonomyces"
"g__Skvortzovia","k__Fungi","p__Basidiomycota","c__Agaricomycetes","o__Hymenochaetales","f__Hymenochaetales_fam_Incertae_sedis","g__Skvortzovia","g__Skvortzovia"
"g__Lyomyces","k__Fungi","p__Basidiomycota","c__Agaricomycetes","o__Hymenochaetales","f__Schizoporaceae","g__Lyomyces","g__Lyomyces"
"g__Flavodon","k__Fungi","p__Basidiomycota","c__Agaricomycetes","o__Polyporales","f__Irpicaceae","g__Flavodon","g__Flavodon"
"g__Mycoacia","k__Fungi","p__Basidiomycota","c__Agaricomycetes","o__Polyporales","f__Meruliaceae","g__Mycoacia","g__Mycoacia"
"g__Phaeophlebiopsis","k__Fungi","p__Basidiomycota","c__Agaricomycetes","o__Polyporales","f__Phanerochaetaceae","g__Phaeophlebiopsis","g__Phaeophlebiopsis"
"g__Polyporales_gen_Incertae_sedis","k__Fungi","p__Basidiomycota","c__Agaricomycetes","o__Polyporales","f__Polyporales_fam_Incertae_sedis","g__Polyporales_gen_Incertae_sedis","g__Polyporales_gen_Incertae_sedis"
"g__Antrodiella","k__Fungi","p__Basidiomycota","c__Agaricomycetes","o__Polyporales","f__Steccherinaceae","g__Antrodiella","g__Antrodiella"
"g__Peniophoraceae_gen_Incertae_sedis","k__Fungi","p__Basidiomycota","c__Agaricomycetes","o__Russulales","f__Peniophoraceae","g__Peniophoraceae_gen_Incertae_sedis","g__Peniophoraceae_gen_Incertae_sedis"
"g__Vararia","k__Fungi","p__Basidiomycota","c__Agaricomycetes","o__Russulales","f__Peniophoraceae","g__Vararia","g__Vararia"
"g__Xenasmatella","k__Fungi","p__Basidiomycota","c__Agaricomycetes","o__Russulales","f__Xenasmataceae","g__Xenasmatella","g__Xenasmatella"
"g__Brevicellicium","k__Fungi","p__Basidiomycota","c__Agaricomycetes","o__Trechisporales","f__Hydnodontaceae","g__Brevicellicium","g__Brevicellicium"
"g__Trechisporales_gen_Incertae_sedis","k__Fungi","p__Basidiomycota","c__Agaricomycetes","o__Trechisporales","f__Trechisporales_fam_Incertae_sedis","g__Trechisporales_gen_Incertae_sedis","g__Trechisporales_gen_Incertae_sedis"
"g__Sterigmatomyces","k__Fungi","p__Basidiomycota","c__Agaricostilbomycetes","o__Agaricostilbales","f__Agaricostilbaceae","g__Sterigmatomyces","g__Sterigmatomyces"
"g__Kondoa","k__Fungi","p__Basidiomycota","c__Agaricostilbomycetes","o__Agaricostilbales","f__Kondoaceae","g__Kondoa","g__Kondoa"
"g__Helicogloea","k__Fungi","p__Basidiomycota","c__Atractiellomycetes","o__Atractiellales","f__Phleogenaceae","g__Helicogloea","g__Helicogloea"
"g__Symmetrospora","k__Fungi","p__Basidiomycota","c__Cystobasidiomycetes","o__Cystobasidiomycetes_ord_Incertae_sedis","f__Symmetrosporaceae","g__Symmetrospora","g__Symmetrospora"
"g__Sakaguchia","k__Fungi","p__Basidiomycota","c__Cystobasidiomycetes","o__Sakaguchiales","f__Sakaguchiaceae","g__Sakaguchia","g__Sakaguchia"
"g__Tilletiopsis","k__Fungi","p__Basidiomycota","c__Exobasidiomycetes","o__Entylomatales","f__Entylomataceae","g__Tilletiopsis","g__Tilletiopsis"
"g__Erratomyces","k__Fungi","p__Basidiomycota","c__Exobasidiomycetes","o__Tilletiales","f__Erratomycetaceae","g__Erratomyces","g__Erratomyces"
"g__Malassezia","k__Fungi","p__Basidiomycota","c__Malasseziomycetes","o__Malasseziales","f__Malasseziaceae","g__Malassezia","g__Malassezia"
"g__Curvibasidium","k__Fungi","p__Basidiomycota","c__Microbotryomycetes","o__Microbotryomycetes_ord_Incertae_sedis","f__Microbotryomycetes_fam_Incertae_sedis","g__Curvibasidium","g__Curvibasidium"
"g__Rhodosporidiobolus","k__Fungi","p__Basidiomycota","c__Microbotryomycetes","o__Sporidiobolales","f__Sporidiobolaceae","g__Rhodosporidiobolus","g__Rhodosporidiobolus"
"g__Rhodotorula","k__Fungi","p__Basidiomycota","c__Microbotryomycetes","o__Sporidiobolales","f__Sporidiobolaceae","g__Rhodotorula","g__Rhodotorula"
"g__Sporobolomyces","k__Fungi","p__Basidiomycota","c__Microbotryomycetes","o__Sporidiobolales","f__Sporidiobolaceae","g__Sporobolomyces","g__Sporobolomyces"
"g__Moniliella","k__Fungi","p__Basidiomycota","c__Moniliellomycetes","o__Moniliellales","f__Moniliellaceae","g__Moniliella","g__Moniliella"
"g__Cystofilobasidium","k__Fungi","p__Basidiomycota","c__Tremellomycetes","o__Cystofilobasidiales","f__Cystofilobasidiaceae","g__Cystofilobasidium","g__Cystofilobasidium"
"g__Mrakia","k__Fungi","p__Basidiomycota","c__Tremellomycetes","o__Cystofilobasidiales","f__Mrakiaceae","g__Mrakia","g__Mrakia"
"g__Tausonia","k__Fungi","p__Basidiomycota","c__Tremellomycetes","o__Cystofilobasidiales","f__Mrakiaceae","g__Tausonia","g__Tausonia"
"g__Udeniomyces","k__Fungi","p__Basidiomycota","c__Tremellomycetes","o__Cystofilobasidiales","f__Mrakiaceae","g__Udeniomyces","g__Udeniomyces"
"g__Filobasidium","k__Fungi","p__Basidiomycota","c__Tremellomycetes","o__Filobasidiales","f__Filobasidiaceae","g__Filobasidium","g__Filobasidium"
"g__Naganishia","k__Fungi","p__Basidiomycota","c__Tremellomycetes","o__Filobasidiales","f__Filobasidiaceae","g__Naganishia","g__Naganishia"
"g__Solicoccozyma","k__Fungi","p__Basidiomycota","c__Tremellomycetes","o__Filobasidiales","f__Piskurozymaceae","g__Solicoccozyma","g__Solicoccozyma"
"g__Hannaella","k__Fungi","p__Basidiomycota","c__Tremellomycetes","o__Tremellales","f__Bulleribasidiaceae","g__Hannaella","g__Hannaella"
"g__Vishniacozyma","k__Fungi","p__Basidiomycota","c__Tremellomycetes","o__Tremellales","f__Bulleribasidiaceae","g__Vishniacozyma","g__Vishniacozyma"
"g__Cryptococcus","k__Fungi","p__Basidiomycota","c__Tremellomycetes","o__Tremellales","f__Cryptococcaceae","g__Cryptococcus","g__Cryptococcus"
"g__Papiliotrema","k__Fungi","p__Basidiomycota","c__Tremellomycetes","o__Tremellales","f__Rhynchogastremaceae","g__Papiliotrema","g__Papiliotrema"
"g__Saitozyma","k__Fungi","p__Basidiomycota","c__Tremellomycetes","o__Tremellales","f__Trimorphomycetaceae","g__Saitozyma","g__Saitozyma"
"g__Apiotrichum","k__Fungi","p__Basidiomycota","c__Tremellomycetes","o__Trichosporonales","f__Trichosporonaceae","g__Apiotrichum","g__Apiotrichum"
"g__Cutaneotrichosporon","k__Fungi","p__Basidiomycota","c__Tremellomycetes","o__Trichosporonales","f__Trichosporonaceae","g__Cutaneotrichosporon","g__Cutaneotrichosporon"
"g__Trichosporon","k__Fungi","p__Basidiomycota","c__Tremellomycetes","o__Trichosporonales","f__Trichosporonaceae","g__Trichosporon","g__Trichosporon"
"g__Anthracocystis","k__Fungi","p__Basidiomycota","c__Ustilaginomycetes","o__Ustilaginales","f__Ustilaginaceae","g__Anthracocystis","g__Anthracocystis"
"g__Moesziomyces","k__Fungi","p__Basidiomycota","c__Ustilaginomycetes","o__Ustilaginales","f__Ustilaginaceae","g__Moesziomyces","g__Moesziomyces"
"g__Ustilaginaceae_gen_Incertae_sedis","k__Fungi","p__Basidiomycota","c__Ustilaginomycetes","o__Ustilaginales","f__Ustilaginaceae","g__Ustilaginaceae_gen_Incertae_sedis","g__Ustilaginaceae_gen_Incertae_sedis"
"g__Wallemia","k__Fungi","p__Basidiomycota","c__Wallemiomycetes","o__Wallemiales","f__Wallemiaceae","g__Wallemia","g__Wallemia"
"g__Wallemiales_gen_Incertae_sedis","k__Fungi","p__Basidiomycota","c__Wallemiomycetes","o__Wallemiales","f__Wallemiales_fam_Incertae_sedis","g__Wallemiales_gen_Incertae_sedis","g__Wallemiales_gen_Incertae_sedis"
"g__Mucor","k__Fungi","p__Mucoromycota","c__Mucoromycetes","o__Mucorales","f__Mucoraceae","g__Mucor","g__Mucor"
"g__Rhizopus","k__Fungi","p__Mucoromycota","c__Mucoromycetes","o__Mucorales","f__Rhizopodaceae","g__Rhizopus","g__Rhizopus"
"Unknown","Unknown","Unknown","Unknown","Unknown","Unknown","Unknown","Unknown"
